elapsed_seconds,mode,component,pid,rss_kib,cpu_percent,cpu_time
0.721,old,go,2621,18096,3.0,0:00.02
0.724,old,rust,2624,14720,0.0,0:00.01
0.727,new,go,2625,18224,0.0,0:00.01
0.729,new,rust,2626,14544,0.0,0:00.01
5.742,old,go,2621,21328,0.0,0:00.03
5.747,old,rust,2624,19776,0.0,0:00.02
5.752,new,go,2625,21440,0.0,0:00.01
5.757,new,rust,2626,19920,0.0,0:00.02
10.762,old,go,2621,21360,0.0,0:00.03
10.765,old,rust,2624,19840,0.0,0:00.02
10.768,new,go,2625,21440,0.0,0:00.01
10.771,new,rust,2626,19952,0.0,0:00.02
15.784,old,go,2621,21392,0.0,0:00.03
15.789,old,rust,2624,19856,0.0,0:00.03
15.793,new,go,2625,21440,0.0,0:00.01
15.799,new,rust,2626,19952,0.0,0:00.02
20.81,old,go,2621,21392,0.0,0:00.03
20.816,old,rust,2624,19856,0.0,0:00.03
20.82,new,go,2625,21440,0.0,0:00.01
20.825,new,rust,2626,19952,0.0,0:00.02
25.836,old,go,2621,21408,0.0,0:00.03
25.842,old,rust,2624,19856,0.0,0:00.03
25.849,new,go,2625,21440,0.0,0:00.01
25.853,new,rust,2626,19952,0.0,0:00.02
30.863,old,go,2621,21408,0.0,0:00.03
30.869,old,rust,2624,19856,0.1,0:00.03
30.874,new,go,2625,21440,0.0,0:00.01
30.879,new,rust,2626,19952,0.0,0:00.02
35.891,old,go,2621,21408,0.0,0:00.03
35.896,old,rust,2624,19856,0.0,0:00.03
35.901,new,go,2625,21440,0.0,0:00.01
35.906,new,rust,2626,19952,0.0,0:00.02
40.919,old,go,2621,21472,0.0,0:00.04
40.924,old,rust,2624,19856,0.1,0:00.03
40.929,new,go,2625,21440,0.0,0:00.01
40.934,new,rust,2626,19952,0.0,0:00.02
45.946,old,go,2621,21696,0.0,0:00.04
45.951,old,rust,2624,19856,0.0,0:00.03
45.956,new,go,2625,21440,0.0,0:00.01
45.961,new,rust,2626,19952,0.0,0:00.02
50.969,old,go,2621,21696,0.0,0:00.04
50.974,old,rust,2624,19856,0.1,0:00.04
50.979,new,go,2625,21440,0.0,0:00.01
50.984,new,rust,2626,19952,0.0,0:00.02
55.997,old,go,2621,21712,0.0,0:00.04
56.002,old,rust,2624,19856,0.0,0:00.04
56.006,new,go,2625,21440,0.0,0:00.01
56.012,new,rust,2626,19952,0.0,0:00.02
61.024,old,go,2621,21712,0.0,0:00.04
61.029,old,rust,2624,19856,0.0,0:00.04
61.034,new,go,2625,21616,0.0,0:00.01
61.039,new,rust,2626,19984,0.0,0:00.02
66.051,old,go,2621,21712,0.0,0:00.04
66.055,old,rust,2624,19872,0.0,0:00.04
66.061,new,go,2625,21616,0.0,0:00.01
66.066,new,rust,2626,20032,0.0,0:00.02
71.077,old,go,2621,21712,0.0,0:00.04
71.083,old,rust,2624,19888,0.0,0:00.04
71.088,new,go,2625,21616,0.0,0:00.01
71.093,new,rust,2626,20032,0.0,0:00.02
76.105,old,go,2621,21744,0.0,0:00.05
76.111,old,rust,2624,19888,0.0,0:00.04
76.116,new,go,2625,21616,0.0,0:00.01
76.12,new,rust,2626,20032,0.0,0:00.02
81.129,old,go,2621,21744,0.0,0:00.05
81.134,old,rust,2624,19888,0.0,0:00.04
81.139,new,go,2625,21616,0.0,0:00.01
81.144,new,rust,2626,20032,0.0,0:00.02
86.153,old,go,2621,21744,0.0,0:00.05
86.158,old,rust,2624,19888,0.0,0:00.05
86.163,new,go,2625,21616,0.0,0:00.01
86.167,new,rust,2626,20032,0.0,0:00.02
91.179,old,go,2621,21744,0.0,0:00.05
91.184,old,rust,2624,19888,0.0,0:00.05
91.189,new,go,2625,21616,0.0,0:00.01
91.197,new,rust,2626,20032,0.0,0:00.02
96.209,old,go,2621,21760,0.0,0:00.05
96.214,old,rust,2624,19888,0.0,0:00.05
96.219,new,go,2625,21616,0.0,0:00.01
96.223,new,rust,2626,20032,0.0,0:00.02
101.234,old,go,2621,21776,0.0,0:00.05
101.238,old,rust,2624,19888,0.0,0:00.05
101.244,new,go,2625,21616,0.0,0:00.01
101.249,new,rust,2626,20032,0.0,0:00.02
106.261,old,go,2621,21776,0.0,0:00.05
106.267,old,rust,2624,19888,0.0,0:00.05
106.271,new,go,2625,21616,0.0,0:00.01
106.276,new,rust,2626,20032,0.0,0:00.02
111.289,old,go,2621,21792,0.0,0:00.05
111.294,old,rust,2624,19888,0.0,0:00.05
111.299,new,go,2625,21616,0.0,0:00.01
111.304,new,rust,2626,20032,0.0,0:00.02
116.314,old,go,2621,21792,0.0,0:00.06
116.319,old,rust,2624,19888,0.0,0:00.05
116.323,new,go,2625,21616,0.0,0:00.01
116.328,new,rust,2626,20032,0.0,0:00.02
121.341,old,go,2621,21808,0.0,0:00.06
121.347,old,rust,2624,19888,0.0,0:00.06
121.352,new,go,2625,21632,0.0,0:00.01
121.357,new,rust,2626,20032,0.0,0:00.02
126.369,old,go,2621,21808,0.0,0:00.06
126.374,old,rust,2624,19888,0.0,0:00.06
126.381,new,go,2625,21648,0.0,0:00.01
126.386,new,rust,2626,20032,0.0,0:00.02
131.397,old,go,2621,21808,0.0,0:00.06
131.403,old,rust,2624,19888,0.0,0:00.06
131.409,new,go,2625,21648,0.0,0:00.01
131.414,new,rust,2626,20032,0.0,0:00.02
136.426,old,go,2621,21808,0.0,0:00.06
136.431,old,rust,2624,19888,0.0,0:00.06
136.436,new,go,2625,21648,0.0,0:00.01
136.441,new,rust,2626,20032,0.0,0:00.02
141.452,old,go,2621,21824,0.0,0:00.06
141.458,old,rust,2624,19888,0.0,0:00.06
141.462,new,go,2625,21648,0.0,0:00.01
141.466,new,rust,2626,20032,0.0,0:00.02
146.479,old,go,2621,21824,0.0,0:00.06
146.484,old,rust,2624,19888,0.0,0:00.06
146.489,new,go,2625,21648,0.0,0:00.01
146.494,new,rust,2626,20032,0.0,0:00.02
151.506,old,go,2621,21920,0.0,0:00.07
151.511,old,rust,2624,19888,0.0,0:00.07
151.516,new,go,2625,21648,0.0,0:00.01
151.521,new,rust,2626,20032,0.0,0:00.02
156.533,old,go,2621,21936,0.0,0:00.07
156.539,old,rust,2624,19888,0.0,0:00.07
156.544,new,go,2625,21648,0.0,0:00.01
156.549,new,rust,2626,20032,0.0,0:00.02
161.557,old,go,2621,21952,0.0,0:00.07
161.559,old,rust,2624,19888,0.0,0:00.07
161.563,new,go,2625,21648,0.0,0:00.01
161.565,new,rust,2626,20032,0.0,0:00.02
166.576,old,go,2621,21952,0.0,0:00.07
166.581,old,rust,2624,19888,0.0,0:00.07
166.585,new,go,2625,21648,0.0,0:00.01
166.588,new,rust,2626,20032,0.0,0:00.02
171.6,old,go,2621,22064,0.0,0:00.07
171.605,old,rust,2624,19888,0.0,0:00.07
171.61,new,go,2625,21648,0.0,0:00.01
171.616,new,rust,2626,20032,0.0,0:00.02
176.629,old,go,2621,22080,0.0,0:00.07
176.634,old,rust,2624,19888,0.0,0:00.07
176.638,new,go,2625,21648,0.0,0:00.01
176.643,new,rust,2626,20032,0.0,0:00.02
181.656,old,go,2621,22096,0.0,0:00.07
181.661,old,rust,2624,19888,0.0,0:00.07
181.665,new,go,2625,21648,0.0,0:00.01
181.67,new,rust,2626,20032,0.0,0:00.02
186.683,old,go,2621,22096,0.0,0:00.08
186.688,old,rust,2624,19888,0.0,0:00.08
186.694,new,go,2625,21648,0.0,0:00.01
186.7,new,rust,2626,20048,0.0,0:00.02
191.713,old,go,2621,22096,0.0,0:00.08
191.718,old,rust,2624,19888,0.0,0:00.08
191.722,new,go,2625,21648,0.0,0:00.01
191.727,new,rust,2626,20048,0.0,0:00.02
196.741,old,go,2621,22096,0.0,0:00.08
196.746,old,rust,2624,19888,0.0,0:00.08
196.75,new,go,2625,21648,0.0,0:00.01
196.755,new,rust,2626,20048,0.0,0:00.02
201.768,old,go,2621,22112,0.0,0:00.08
201.773,old,rust,2624,19888,0.0,0:00.08
201.778,new,go,2625,21648,0.0,0:00.01
201.783,new,rust,2626,20048,0.0,0:00.02
206.793,old,go,2621,22112,0.0,0:00.08
206.797,old,rust,2624,19888,0.0,0:00.08
206.801,new,go,2625,21648,0.0,0:00.01
206.803,new,rust,2626,20048,0.0,0:00.02
211.816,old,go,2621,22128,0.0,0:00.08
211.821,old,rust,2624,19888,0.0,0:00.08
211.826,new,go,2625,21648,0.0,0:00.01
211.832,new,rust,2626,20048,0.0,0:00.02
216.845,old,go,2621,22128,0.0,0:00.08
216.85,old,rust,2624,19888,0.0,0:00.08
216.854,new,go,2625,21648,0.0,0:00.01
216.859,new,rust,2626,20048,0.0,0:00.02
221.87,old,go,2621,22128,0.0,0:00.09
221.875,old,rust,2624,19888,0.0,0:00.09
221.88,new,go,2625,21648,0.0,0:00.01
221.885,new,rust,2626,20048,0.0,0:00.02
226.898,old,go,2621,22128,0.0,0:00.09
226.902,old,rust,2624,19888,0.0,0:00.09
226.907,new,go,2625,21648,0.0,0:00.01
226.912,new,rust,2626,20048,0.0,0:00.02
231.926,old,go,2621,22128,0.0,0:00.09
231.931,old,rust,2624,19888,0.0,0:00.09
231.935,new,go,2625,21648,0.0,0:00.01
231.941,new,rust,2626,20048,0.0,0:00.02
236.951,old,go,2621,22160,0.0,0:00.09
236.956,old,rust,2624,19888,0.0,0:00.09
236.961,new,go,2625,21648,0.0,0:00.01
236.966,new,rust,2626,20048,0.0,0:00.02
241.979,old,go,2621,22176,0.0,0:00.09
241.983,old,rust,2624,19888,0.0,0:00.09
241.987,new,go,2625,21648,0.0,0:00.02
241.992,new,rust,2626,20048,0.0,0:00.02
247.002,old,go,2621,22176,0.0,0:00.09
247.007,old,rust,2624,19920,0.0,0:00.09
247.012,new,go,2625,21648,0.0,0:00.02
247.017,new,rust,2626,20064,0.0,0:00.02
252.029,old,go,2621,22176,0.0,0:00.09
252.033,old,rust,2624,19920,0.0,0:00.10
252.037,new,go,2625,21648,0.0,0:00.02
252.041,new,rust,2626,20064,0.0,0:00.02
257.053,old,go,2621,22208,0.0,0:00.10
257.057,old,rust,2624,19920,0.0,0:00.10
257.062,new,go,2625,21648,0.0,0:00.02
257.067,new,rust,2626,20064,0.0,0:00.02
262.079,old,go,2621,22224,0.0,0:00.10
262.084,old,rust,2624,19920,0.0,0:00.10
262.088,new,go,2625,21648,0.0,0:00.02
262.093,new,rust,2626,20064,0.0,0:00.02
267.102,old,go,2621,22240,0.0,0:00.10
267.107,old,rust,2624,19920,0.0,0:00.10
267.112,new,go,2625,21648,0.0,0:00.02
267.117,new,rust,2626,20064,0.0,0:00.02
272.13,old,go,2621,22240,0.0,0:00.10
272.134,old,rust,2624,19920,0.0,0:00.10
272.139,new,go,2625,21648,0.0,0:00.02
272.144,new,rust,2626,20064,0.0,0:00.02
277.156,old,go,2621,22240,0.0,0:00.10
277.161,old,rust,2624,19920,0.0,0:00.10
277.166,new,go,2625,21648,0.0,0:00.02
277.17,new,rust,2626,20064,0.0,0:00.02
282.178,old,go,2621,22240,0.0,0:00.10
282.183,old,rust,2624,19920,0.0,0:00.10
282.188,new,go,2625,21648,0.0,0:00.02
282.193,new,rust,2626,20064,0.0,0:00.02
287.206,old,go,2621,22240,0.0,0:00.10
287.211,old,rust,2624,19920,0.1,0:00.11
287.216,new,go,2625,21648,0.0,0:00.02
287.22,new,rust,2626,20064,0.0,0:00.02
292.232,old,go,2621,22240,0.0,0:00.10
292.237,old,rust,2624,19920,0.0,0:00.11
292.241,new,go,2625,21648,0.0,0:00.02
292.246,new,rust,2626,20064,0.0,0:00.02
297.254,old,go,2621,22288,0.0,0:00.11
297.259,old,rust,2624,19920,0.1,0:00.11
297.264,new,go,2625,21648,0.0,0:00.02
297.268,new,rust,2626,20064,0.0,0:00.02
302.28,old,go,2621,22288,0.0,0:00.11
302.285,old,rust,2624,19920,0.0,0:00.11
302.29,new,go,2625,21648,0.0,0:00.02
302.295,new,rust,2626,20064,0.0,0:00.02
307.308,old,go,2621,22336,0.0,0:00.11
307.314,old,rust,2624,19920,0.1,0:00.11
307.319,new,go,2625,21648,0.0,0:00.02
307.324,new,rust,2626,20080,0.0,0:00.02
312.337,old,go,2621,22336,0.0,0:00.11
312.343,old,rust,2624,19920,0.0,0:00.11
312.348,new,go,2625,21648,0.0,0:00.02
312.353,new,rust,2626,20080,0.0,0:00.02
317.365,old,go,2621,22368,0.0,0:00.11
317.371,old,rust,2624,19920,0.0,0:00.11
317.376,new,go,2625,21648,0.0,0:00.02
317.38,new,rust,2626,20080,0.0,0:00.02
322.392,old,go,2621,22368,0.0,0:00.11
322.397,old,rust,2624,19920,0.0,0:00.12
322.402,new,go,2625,21648,0.0,0:00.02
322.407,new,rust,2626,20080,0.0,0:00.02
327.418,old,go,2621,22384,0.0,0:00.11
327.422,old,rust,2624,19920,0.0,0:00.12
327.425,new,go,2625,21648,0.0,0:00.02
327.428,new,rust,2626,20080,0.0,0:00.02
332.44,old,go,2621,22400,0.0,0:00.11
332.446,old,rust,2624,19920,0.0,0:00.12
332.451,new,go,2625,21648,0.0,0:00.02
332.457,new,rust,2626,20080,0.0,0:00.02
337.469,old,go,2621,22432,0.0,0:00.12
337.474,old,rust,2624,19920,0.0,0:00.12
337.478,new,go,2625,21648,0.0,0:00.02
337.483,new,rust,2626,20080,0.0,0:00.02
342.491,old,go,2621,22448,0.0,0:00.12
342.493,old,rust,2624,19920,0.0,0:00.12
342.496,new,go,2625,21648,0.0,0:00.02
342.499,new,rust,2626,20080,0.0,0:00.02
347.509,old,go,2621,22448,0.0,0:00.12
347.515,old,rust,2624,19920,0.0,0:00.12
347.52,new,go,2625,21648,0.0,0:00.02
347.525,new,rust,2626,20080,0.0,0:00.02
352.536,old,go,2621,22464,0.0,0:00.12
352.541,old,rust,2624,19920,0.0,0:00.12
352.547,new,go,2625,21648,0.0,0:00.02
352.551,new,rust,2626,20080,0.0,0:00.02
357.564,old,go,2621,22464,0.0,0:00.12
357.568,old,rust,2624,19920,0.0,0:00.12
357.573,new,go,2625,21648,0.0,0:00.02
357.577,new,rust,2626,20080,0.0,0:00.02
362.584,old,go,2621,22480,0.0,0:00.12
362.586,old,rust,2624,19920,0.0,0:00.13
362.59,new,go,2625,21648,0.0,0:00.02
362.592,new,rust,2626,20080,0.0,0:00.02
367.601,old,go,2621,22544,0.0,0:00.12
367.604,old,rust,2624,19920,0.0,0:00.13
367.606,new,go,2625,21648,0.0,0:00.02
367.609,new,rust,2626,20112,0.0,0:00.02
372.616,old,go,2621,22544,0.0,0:00.12
372.619,old,rust,2624,19920,0.0,0:00.13
372.622,new,go,2625,21648,0.0,0:00.02
372.624,new,rust,2626,20112,0.0,0:00.02
377.635,old,go,2621,23904,0.0,0:00.13
377.64,old,rust,2624,19920,0.0,0:00.13
377.643,new,go,2625,21648,0.0,0:00.02
377.647,new,rust,2626,20112,0.0,0:00.02
382.654,old,go,2621,23968,0.0,0:00.13
382.657,old,rust,2624,19920,0.0,0:00.13
382.659,new,go,2625,21648,0.0,0:00.02
382.662,new,rust,2626,20112,0.0,0:00.02
387.674,old,go,2621,23968,0.0,0:00.13
387.678,old,rust,2624,19920,0.0,0:00.13
387.682,new,go,2625,21648,0.0,0:00.02
387.686,new,rust,2626,20112,0.0,0:00.02
392.696,old,go,2621,23984,0.0,0:00.13
392.701,old,rust,2624,19920,0.0,0:00.13
392.706,new,go,2625,21648,0.0,0:00.02
392.71,new,rust,2626,20112,0.0,0:00.02
397.718,old,go,2621,23984,0.0,0:00.13
397.722,old,rust,2624,19920,0.0,0:00.13
397.727,new,go,2625,21648,0.0,0:00.02
397.731,new,rust,2626,20112,0.0,0:00.02
402.741,old,go,2621,23984,0.0,0:00.13
402.744,old,rust,2624,19920,0.0,0:00.13
402.749,new,go,2625,21648,0.0,0:00.02
402.754,new,rust,2626,20112,0.0,0:00.02
407.766,old,go,2621,24000,0.0,0:00.13
407.771,old,rust,2624,19920,0.0,0:00.14
407.776,new,go,2625,21648,0.0,0:00.02
407.781,new,rust,2626,20112,0.0,0:00.02
412.787,old,go,2621,24000,0.0,0:00.14
412.79,old,rust,2624,19920,0.0,0:00.14
412.792,new,go,2625,21648,0.0,0:00.02
412.795,new,rust,2626,20112,0.0,0:00.02
417.808,old,go,2621,24000,0.0,0:00.14
417.813,old,rust,2624,19920,0.0,0:00.14
417.817,new,go,2625,21648,0.0,0:00.02
417.82,new,rust,2626,20112,0.0,0:00.02
422.832,old,go,2621,24000,0.0,0:00.14
422.837,old,rust,2624,19920,0.0,0:00.14
422.842,new,go,2625,21648,0.0,0:00.02
422.848,new,rust,2626,20112,0.0,0:00.02
427.861,old,go,2621,24032,0.0,0:00.14
427.866,old,rust,2624,19936,0.0,0:00.14
427.871,new,go,2625,21648,0.0,0:00.02
427.876,new,rust,2626,20112,0.0,0:00.02
432.888,old,go,2621,24048,0.0,0:00.14
432.893,old,rust,2624,19936,0.0,0:00.14
432.898,new,go,2625,21648,0.0,0:00.02
432.903,new,rust,2626,20112,0.0,0:00.02
437.915,old,go,2621,24048,0.0,0:00.14
437.919,old,rust,2624,19936,0.0,0:00.14
437.924,new,go,2625,21648,0.0,0:00.02
437.93,new,rust,2626,20112,0.0,0:00.02
442.943,old,go,2621,24048,0.0,0:00.14
442.948,old,rust,2624,19936,0.0,0:00.15
442.953,new,go,2625,21648,0.0,0:00.02
442.958,new,rust,2626,20112,0.0,0:00.02
447.97,old,go,2621,24048,0.0,0:00.14
447.975,old,rust,2624,19936,0.0,0:00.15
447.98,new,go,2625,21648,0.0,0:00.02
447.985,new,rust,2626,20112,0.0,0:00.02
452.997,old,go,2621,24048,0.0,0:00.15
453.002,old,rust,2624,19936,0.0,0:00.15
453.007,new,go,2625,21648,0.0,0:00.02
453.012,new,rust,2626,20112,0.0,0:00.02
458.024,old,go,2621,24048,0.0,0:00.15
458.029,old,rust,2624,19936,0.0,0:00.15
458.034,new,go,2625,21648,0.0,0:00.02
458.038,new,rust,2626,20112,0.0,0:00.02
463.05,old,go,2621,24064,0.0,0:00.15
463.055,old,rust,2624,19936,0.0,0:00.15
463.06,new,go,2625,21648,0.0,0:00.02
463.066,new,rust,2626,20112,0.0,0:00.02
468.078,old,go,2621,24064,0.0,0:00.15
468.083,old,rust,2624,19936,0.0,0:00.15
468.089,new,go,2625,21648,0.0,0:00.02
468.094,new,rust,2626,20112,0.0,0:00.02
473.099,old,go,2621,24096,0.0,0:00.15
473.102,old,rust,2624,19936,0.0,0:00.15
473.105,new,go,2625,21648,0.0,0:00.02
473.107,new,rust,2626,20112,0.0,0:00.02
478.119,old,go,2621,24096,0.0,0:00.15
478.124,old,rust,2624,19936,0.0,0:00.16
478.129,new,go,2625,21648,0.0,0:00.02
478.133,new,rust,2626,20112,0.0,0:00.02
483.144,old,go,2621,24112,0.0,0:00.15
483.148,old,rust,2624,19936,0.0,0:00.16
483.153,new,go,2625,21648,0.0,0:00.02
483.156,new,rust,2626,20112,0.0,0:00.03
488.168,old,go,2621,24112,0.0,0:00.16
488.172,old,rust,2624,19952,0.0,0:00.16
488.177,new,go,2625,21648,0.0,0:00.02
488.18,new,rust,2626,20112,0.0,0:00.03
493.19,old,go,2621,24128,0.0,0:00.16
493.196,old,rust,2624,19952,0.0,0:00.16
493.201,new,go,2625,21648,0.0,0:00.02
493.206,new,rust,2626,20112,0.0,0:00.03
498.217,old,go,2621,24240,0.0,0:00.16
498.222,old,rust,2624,19952,0.0,0:00.16
498.228,new,go,2625,21648,0.0,0:00.02
498.233,new,rust,2626,20112,0.0,0:00.03
503.248,old,go,2621,24240,0.0,0:00.16
503.264,old,rust,2624,19952,0.0,0:00.16
503.277,new,go,2625,21648,0.0,0:00.02
503.283,new,rust,2626,20112,0.0,0:00.03
508.296,old,go,2621,24240,0.0,0:00.16
508.3,old,rust,2624,19952,0.0,0:00.16
508.304,new,go,2625,21648,0.0,0:00.02
508.308,new,rust,2626,20112,0.0,0:00.03
513.322,old,go,2621,24240,0.0,0:00.16
513.328,old,rust,2624,19952,0.0,0:00.17
513.339,new,go,2625,21648,0.0,0:00.02
513.383,new,rust,2626,20112,0.0,0:00.03
518.395,old,go,2621,24240,0.0,0:00.17
518.4,old,rust,2624,19952,0.0,0:00.17
518.405,new,go,2625,21648,0.0,0:00.02
518.41,new,rust,2626,20112,0.0,0:00.03
523.421,old,go,2621,24240,0.0,0:00.17
523.426,old,rust,2624,19952,0.0,0:00.17
523.431,new,go,2625,21648,0.0,0:00.02
523.435,new,rust,2626,20112,0.0,0:00.03
528.447,old,go,2621,24240,0.0,0:00.17
528.452,old,rust,2624,19952,0.0,0:00.17
528.456,new,go,2625,21648,0.0,0:00.02
528.461,new,rust,2626,20112,0.0,0:00.03
533.474,old,go,2621,24240,0.0,0:00.17
533.479,old,rust,2624,19952,0.0,0:00.17
533.484,new,go,2625,21648,0.0,0:00.02
533.489,new,rust,2626,20112,0.0,0:00.03
538.501,old,go,2621,24240,0.0,0:00.17
538.506,old,rust,2624,19952,0.0,0:00.17
538.51,new,go,2625,21648,0.0,0:00.02
538.514,new,rust,2626,20112,0.0,0:00.03
543.521,old,go,2621,24240,0.0,0:00.17
543.524,old,rust,2624,19952,0.1,0:00.17
543.527,new,go,2625,21648,0.0,0:00.02
543.53,new,rust,2626,20112,0.0,0:00.03
548.54,old,go,2621,24272,0.0,0:00.17
548.545,old,rust,2624,19952,0.0,0:00.17
548.55,new,go,2625,21648,0.0,0:00.02
548.554,new,rust,2626,20112,0.0,0:00.03
553.565,old,go,2621,24320,0.0,0:00.17
553.57,old,rust,2624,19952,0.1,0:00.17
553.574,new,go,2625,21648,0.0,0:00.02
553.579,new,rust,2626,20112,0.0,0:00.03
558.592,old,go,2621,24320,0.0,0:00.17
558.597,old,rust,2624,19952,0.0,0:00.18
558.602,new,go,2625,21648,0.0,0:00.02
558.606,new,rust,2626,20112,0.0,0:00.03
563.618,old,go,2621,24336,0.0,0:00.18
563.623,old,rust,2624,19952,0.1,0:00.18
563.628,new,go,2625,21648,0.0,0:00.02
563.633,new,rust,2626,20112,0.0,0:00.03
568.646,old,go,2621,24336,0.0,0:00.18
568.651,old,rust,2624,19952,0.0,0:00.18
568.656,new,go,2625,21648,0.0,0:00.02
568.66,new,rust,2626,20112,0.0,0:00.03
573.672,old,go,2621,24336,0.0,0:00.18
573.677,old,rust,2624,19952,0.0,0:00.18
573.683,new,go,2625,21648,0.0,0:00.02
573.687,new,rust,2626,20112,0.0,0:00.03
578.699,old,go,2621,24336,0.0,0:00.18
578.705,old,rust,2624,19952,0.0,0:00.18
578.711,new,go,2625,21648,0.0,0:00.02
578.716,new,rust,2626,20112,0.0,0:00.03
583.729,old,go,2621,24336,0.0,0:00.18
583.735,old,rust,2624,19952,0.0,0:00.18
583.741,new,go,2625,21648,0.0,0:00.02
583.746,new,rust,2626,20112,0.0,0:00.03
588.758,old,go,2621,24336,0.0,0:00.18
588.764,old,rust,2624,19952,0.0,0:00.18
588.769,new,go,2625,21648,0.0,0:00.02
588.775,new,rust,2626,20112,0.0,0:00.03
593.786,old,go,2621,24336,0.0,0:00.18
593.791,old,rust,2624,19952,0.1,0:00.19
593.797,new,go,2625,21648,0.0,0:00.02
593.802,new,rust,2626,20112,0.0,0:00.03
598.81,old,go,2621,24336,0.0,0:00.18
598.816,old,rust,2624,19952,0.0,0:00.19
598.821,new,go,2625,21648,0.0,0:00.02
598.826,new,rust,2626,20112,0.0,0:00.03
603.837,old,go,2621,24320,0.1,0:00.19
603.843,old,rust,2624,20000,0.4,0:00.19
603.849,new,go,2625,21680,0.1,0:00.02
603.853,new,rust,2626,20208,0.4,0:00.03
608.865,old,go,2621,24480,0.8,0:00.23
608.87,old,rust,2624,20432,0.9,0:00.23
608.874,new,go,2625,21952,0.1,0:00.06
608.879,new,rust,2626,20592,0.1,0:00.06
613.886,old,go,2621,24496,0.4,0:00.26
613.892,old,rust,2624,20464,0.7,0:00.26
613.897,new,go,2625,23344,0.0,0:00.10
613.902,new,rust,2626,20608,0.1,0:00.09
618.915,old,go,2621,26560,1.3,0:00.30
618.92,old,rust,2624,25712,1.8,0:00.39
618.925,new,go,2625,23888,0.0,0:00.13
618.93,new,rust,2626,20608,0.0,0:00.12
623.94,old,go,2621,26624,0.0,0:00.32
623.946,new,go,2625,25168,0.0,0:00.17
623.951,new,rust,2626,26688,0.0,0:00.32
